jun channel,ピクミン4 実況プレイ 3日目,https://www.youtube.com/watch?v=CDA885CwsGM,https://www.youtube.com/watch?v=CDA885CwsGM#t=328m00s,CDA885CwsGM,ゲーム
RIZIN FIGHTING FEDERATION,【公開計量】RIZIN.44,https://www.youtube.com/watch?v=RXSPQmH1Xn8,https://www.youtube.com/watch?v=RXSPQmH1Xn8#t=18m00s,RXSPQmH1Xn8,格闘
開封大好きよしひろ,【MTG】ラスベガス到着、ここまでの旅を振り返る配信【MAGICCON】,https://www.youtube.com/watch?v=W5gMzIuX-48,https://www.youtube.com/watch?v=W5gMzIuX-48#t=32m00s,W5gMzIuX-48,雑談
Aqua Ch. 湊あくあ,【APEX】魔境のソロマスターちゃれんじっ！３日目！【湊あくあ/ホロライブ】,https://www.youtube.com/watch?v=fknCHCJbRp8,https://www.youtube.com/watch?v=fknCHCJbRp8#t=303m00s,fknCHCJbRp8,Vtuber/ゲーム
Pekora Ch. 兎田ぺこら,アーマード・コア6】最後まで！エアルートいくぞ！！！！！！！！！！！！！ぺこ！【ホロライブ/兎田ぺこら】,https://www.youtube.com/watch?v=Lo5DegTKdWY,https://www.youtube.com/watch?v=Lo5DegTKdWY#t=49m00s,Lo5DegTKdWY,Vtuber/ゲーム
Nito Ch. 新兎わい,ミラー配信】新作情報！！！わくわく！！バイオが気になる👀【#TGS2023カプコンオンラインプログラム】　#新兎わい,https://www.youtube.com/watch?v=OwZcP-N5h9k,https://www.youtube.com/watch?v=OwZcP-N5h9k#t=116m00s,OwZcP-N5h9k,Vtuber/ゲーム
ジャニーズJr.チャンネル,ジャニーズJr.チャンネル【緊急生配信】チャンネル登録者数200万人突破記念SP!!!!!!,https://www.youtube.com/watch?v=TSoPkuKVW4Y,https://www.youtube.com/watch?v=TSoPkuKVW4Y#t=36m00s,TSoPkuKVW4Y,アイドル
髙橋洋一チャンネル,9月23日生配信,https://www.youtube.com/watch?v=D6xSsX78c7w,https://www.youtube.com/watch?v=D6xSsX78c7w#t=20m00s,D6xSsX78c7w,雑談
よしもと漫才劇場チャンネル,『名探偵コナン 純黒の悪夢』の同時視聴生配信！！【マンゲキ】【映画】【金曜ロードショー】,https://www.youtube.com/watch?v=QT_4I5AZ4YA,https://www.youtube.com/watch?v=QT_4I5AZ4YA#t=11m00s,QT_4I5AZ4YA,お笑い/同時視聴
葉加瀬 冬雪 / Hakase Fuyuki,【geoguessr】山梨に行きたくて彷徨っているJKの配信【にじさんじ/葉加瀬冬雪】,https://www.youtube.com/watch?v=lpzY1YGXrWw,https://www.youtube.com/watch?v=lpzY1YGXrWw#t=8m00s,lpzY1YGXrWw,Vtuber/ゲーム
あゆみんサブch,【スイカゲーム】配信者で大流行してるゲームやる,https://www.youtube.com/watch?v=IsZnFhzKV8k,https://www.youtube.com/watch?v=IsZnFhzKV8k#t=163m00s,IsZnFhzKV8k,ゲーム
株のザラバどうでSHOW,日本テレビがスタジオジブリ子会社化！急騰銘柄デイトレどうしまSHOW【株ライブトレード 生配信 VTuber】9/22,https://www.youtube.com/watch?v=pmYGiQVvg8M,https://www.youtube.com/watch?v=pmYGiQVvg8M#t=40m00s,pmYGiQVvg8M,雑談
Johnny's Gaming Room,#荒野ウィンター杯 にJGRより田中＆高橋が参戦！【荒野行動】,https://www.youtube.com/watch?v=wfKdOE10v9s,https://www.youtube.com/watch?v=wfKdOE10v9s#t=80m00s,wfKdOE10v9s,ゲーム
羽衣狐あっと京おんぷ,【英傑大戦】１０周年を迎えるゲームセンターとオンライントーナメント出る人を応援するやつ。 (9/23)【きつね配信404】,https://www.youtube.com/watch?v=1k7nDmFBJvc,https://www.youtube.com/watch?v=1k7nDmFBJvc#t=121m00s,1k7nDmFBJvc,ゲーム
なるかみ,【初配信】かみかぜ師匠とお家作ったりコメントたくさん読む配信！【まいくら・マインクラフト】,https://www.youtube.com/watch?v=KJjPbk4-VPg,https://www.youtube.com/watch?v=KJjPbk4-VPg#t=13m00s,KJjPbk4-VPg,Vtuber/ゲーム
緋八マナ / Hibachi Mana【にじさんじ】,【初配信】オモロ人間への第一歩！はじめまして！【緋八マナ/にじさんじ】,https://www.youtube.com/watch?v=AZOr7GuxLPQ,https://www.youtube.com/watch?v=AZOr7GuxLPQ#t=10m00s,AZOr7GuxLPQ,Vtuber
LiaqN【りあん】,🔴EPICさん、アプデまだですか？【毎日配信１１日目】【フォートナイト】,https://www.youtube.com/watch?v=4ScYmjM6USc,https://www.youtube.com/watch?v=4ScYmjM6USc#t=0m00s,4ScYmjM6USc,Vtuber/ゲーム
はじめしゃちょー2 (hajime),【2301回〜】アルセウスの色違い捕まえるまで終われない生配信！【ポケモンBDSP】,https://www.youtube.com/watch?v=PR4xEttM9Qg,https://www.youtube.com/watch?v=PR4xEttM9Qg#t=189m00s,PR4xEttM9Qg,ゲーム
アイドルマスターチャンネル,【アイドルマスター】【AP配信】TGS2023直前！アイドルさんの活動を事前にチェックしよう生配信【シャニマス】,https://www.youtube.com/watch?v=GnjsJupkmwY,https://www.youtube.com/watch?v=GnjsJupkmwY#t=50m00s,GnjsJupkmwY,ゲーム
Flare Ch. 不知火フレア,【公認ミラー配信 】モンスターハンターライズ：サンブレイクの新情報をみるぞー！【ホロライブ/不知火フレア】,https://www.youtube.com/watch?v=HkUS2woB2HI,https://www.youtube.com/watch?v=HkUS2woB2HI#t=26m00s,HkUS2woB2HI,Vtuber/ゲーム
辻ちゃんネル,【アーカイブ】辻ちゃんネル生配信㉓【2023/5/17(水)11:30頃～生配信済】,https://www.youtube.com/watch?v=8UuveeGE79U,https://www.youtube.com/watch?v=8UuveeGE79U#t=80m00s,8UuveeGE79U,アイドル
伏見ガク【にじさんじ所属】,【#咎人コラボ】咎人！4年と11ヵ月記念配信【にじさんじ】,https://www.youtube.com/watch?v=lSOLzjoU_KY,https://www.youtube.com/watch?v=lSOLzjoU_KY#t=19m00s,lSOLzjoU_KY,Vtuber
Pekora Ch. 兎田ぺこら,【MGS3】メタルギアソリッド３ スネーク始まりの物語！ぺこ！【ホロライブ/兎田ぺこら】,https://www.youtube.com/watch?v=0PXJ2XalekM,https://www.youtube.com/watch?v=0PXJ2XalekM#t=189m00s,0PXJ2XalekM,Vtuber/ゲーム
中川家チャンネル,中川家の生配信20,https://www.youtube.com/watch?v=rNB4dM54tYo,https://www.youtube.com/watch?v=rNB4dM54tYo#t=132m00s,rNB4dM54tYo,お笑い
ALBA TV - アルバTV -,【9/19(火)8時45分〜LIVE配信 前半戦】マイナビ ネクストヒロインゴルフツアー第10戦 マイナビカップ 戦いの幕開け！スタートホールLIVE！,https://www.youtube.com/watch?v=2UBj44pjOgc,https://www.youtube.com/watch?v=2UBj44pjOgc#t=88m00s,2UBj44pjOgc,スポーツ
ジャルジャルタワー JARUJARU TOWER,【超コント公開生配信する奴】,https://www.youtube.com/watch?v=ZEpy4oe9BAg,https://www.youtube.com/watch?v=ZEpy4oe9BAg#t=90m00s,ZEpy4oe9BAg,お笑い
胡桃のあ,お昼ご飯食べるだけ🍙ひさしぶりー！ラーメン食べるわー！,https://www.youtube.com/watch?v=sKlUcZNIl0w,https://www.youtube.com/watch?v=sKlUcZNIl0w#t=11m00s,sKlUcZNIl0w,Vtuber
エガちゃんねる 〜替えのパンツ〜,エガフェス直前生配信！,https://www.youtube.com/watch?v=W2Z2yuCjqTE,https://www.youtube.com/watch?v=W2Z2yuCjqTE#t=1m00s,W2Z2yuCjqTE,お笑い
八雲べに,VCTミラー！※ライアットゲームズの許可により配信しています【VALORANT】,https://www.youtube.com/watch?v=9KDKF-BgkZA,https://www.youtube.com/watch?v=9KDKF-BgkZA#t=447m00s,9KDKF-BgkZA,Vtuber/ゲーム
闇鍋ジャーナル(仮),【生配信】第256回 長谷川幸洋＆多田将＆居島一平が話題のニュースを深掘り解説！,https://www.youtube.com/watch?v=cK0ttPvCkL8,https://www.youtube.com/watch?v=cK0ttPvCkL8#t=96m00s,cK0ttPvCkL8,ニュース
英リサ.Hanabusa Lisa,【ぶいすぽ/CRG】初配信——―-！【英リサ/vtuber】,https://www.youtube.com/watch?v=802dt-bVO2Q,https://www.youtube.com/watch?v=802dt-bVO2Q#t=44m00s,802dt-bVO2Q,Vtuber
渡嘉敷勝男&竹原慎二&畑山隆則 ぶっちゃけチャンネル,【NEXTモンスター中谷潤人 凱旋防衛戦！】WBO世界Sフライ級タイトルマッチ！ぶっちゃけ生配信,https://www.youtube.com/watch?v=KoA0c90mOY0,https://www.youtube.com/watch?v=KoA0c90mOY0#t=60m00s,KoA0c90mOY0,格闘
狩野英孝【公式チャンネル】EIKO!GO!!,【#18】EIKOがマインクラフトを生配信【パンダを連れてくぜ！の巻】まったりと…作業配信,https://www.youtube.com/watch?v=08zhtLe4wLc,https://www.youtube.com/watch?v=08zhtLe4wLc#t=35m00s,08zhtLe4wLc,ゲーム
M!LK,【#7】YJげーみんぐ。第7回配信！「Ultimate Chicken Horse」をプレイ！🎮✨,https://www.youtube.com/watch?v=bCNVVravjN8,https://www.youtube.com/watch?v=bCNVVravjN8#t=43m00s,bCNVVravjN8,ゲーム
NAOMI CLUB ,【生配信】今夜は私と一緒にディナーしよ！お食事はそれぞれご準備ください！,https://www.youtube.com/watch?v=vfXCF76C0iE,https://www.youtube.com/watch?v=vfXCF76C0iE#t=74m00s,vfXCF76C0iE,お笑い
ローレン・イロアス / Lauren Iroas【にじさんじ,【パラソーシャル】配信者のナイトルーティン【ローレン・イロアス/にじさんじ】,https://www.youtube.com/watch?v=9L8-Y8OnUvA,https://www.youtube.com/watch?v=9L8-Y8OnUvA#t=12m00s,9L8-Y8OnUvA,Vtuber/ゲーム
アフロマスク,【HumanitZ】ひたすらゾンビだらけの世界でサバイバル生活するライブ配信【アフロマスク 2023年9月20日】,https://www.youtube.com/watch?v=DwThi22cDuo,https://www.youtube.com/watch?v=DwThi22cDuo#t=49m00s,DwThi22cDuo,ゲーム
すぱせる・supercell ユナイト,タンク練習 ポケモンユナイト,https://www.youtube.com/watch?v=dEiqOPowB0E,https://www.youtube.com/watch?v=dEiqOPowB0E#t=-1m00s,dEiqOPowB0E,ゲーム
"せなくまチャンネル 
",島でまったり🍫10万ベル貯める！【あつ森】【生配信】,https://www.youtube.com/watch?v=BiQIj5PYIpI,https://www.youtube.com/watch?v=BiQIj5PYIpI#t=213m00s,BiQIj5PYIpI,ゲーム
わらび,また１から金ネジキする【バトルフロンティア】,https://www.youtube.com/watch?v=T--0tVhMwdM,https://www.youtube.com/watch?v=T--0tVhMwdM#t=52m00s,T--0tVhMwdM,ゲーム
ジャルジャルアイランド JARUJARU ISLAND,【2022】うろ覚えでクリスマスライブする奴,https://www.youtube.com/watch?v=JDox5fgKPlM,https://www.youtube.com/watch?v=JDox5fgKPlM#t=0m00s,JDox5fgKPlM,お笑い
しぐれうい,ド早朝だけど100万人をみんなで見届けたい！！！！！！！,https://www.youtube.com/watch?v=npd2caNkYzo,https://www.youtube.com/watch?v=npd2caNkYzo#t=39m00s,npd2caNkYzo,Vtuber
Matsuri Channel 夏色まつり ,【Minecraft】借金返済期日が迫ってきました；；【ホロライブ/夏色まつり】,https://www.youtube.com/watch?v=E1r4e_Xtb8I,https://www.youtube.com/watch?v=E1r4e_Xtb8I#t=139m00s,E1r4e_Xtb8I,Vtuber/ゲーム
虎斗,【英傑大戦】虎斗配信389【めけめけせもせも】,https://www.youtube.com/watch?v=tjPm3hhhppc,https://www.youtube.com/watch?v=tjPm3hhhppc#t=178m00s,tjPm3hhhppc,ゲーム
Oga Ch.荒咬オウガ,【 #TGS2023カプコンオンラインプログラム 】TGS2023 カプコンオンラインプログラム　公認ミラー配信【荒咬オウガ/ホロスターズ】,https://www.youtube.com/watch?v=_C4_tNvsgKE,https://www.youtube.com/watch?v=_C4_tNvsgKE#t=36m00s,_C4_tNvsgKE,ゲーム
すなに,[配信８周年記念] 3年ぶりにDQ8RTAを走る [2023/09/18],https://www.youtube.com/watch?v=2FIfLaM05ak,https://www.youtube.com/watch?v=2FIfLaM05ak#t=203m00s,2FIfLaM05ak,ゲーム
なでしこリーグチャンネル,【第２０節】スペランツァ大阪 vs ＡＳハリマアルビオン,https://www.youtube.com/watch?v=SlVqP1bZrHs,https://www.youtube.com/watch?v=SlVqP1bZrHs#t=-1m00s,SlVqP1bZrHs,スポーツ
HikakinGames,【ヒカクラ２】Part112.5 - 生配信でまったりアイテム&ブロック集め【マインクラフト】※高画質配信テスト,https://www.youtube.com/watch?v=cWQM7wtPRlw,https://www.youtube.com/watch?v=cWQM7wtPRlw#t=66m00s,cWQM7wtPRlw,ゲーム
アルス・アルマル -ars almal- 【にじさんじ】,【ストグラ】３日目　バイト探し【アルス・アルマル/にじさんじ】,https://www.youtube.com/watch?v=25mtenEpACM,https://www.youtube.com/watch?v=25mtenEpACM#t=99m00s,25mtenEpACM,Vtuber/ゲーム
ジャルジャルタワー JARUJARU TOWER,超コント 生配信する奴 vol.2,https://www.youtube.com/watch?v=Vq-p0jZnexk,https://www.youtube.com/watch?v=Vq-p0jZnexk#t=51m00s,Vq-p0jZnexk,お笑い
ジャルジャルタワー JARUJARU TOWER,ジャルジャル１億回再生突破！記念ライブ,https://www.youtube.com/watch?v=wrzOwOaDjVY,https://www.youtube.com/watch?v=wrzOwOaDjVY#t=43m00s,wrzOwOaDjVY,お笑い
ジャルジャルタワー JARUJARU TOWER,『リモートネタ合わせするツッコミ下手な関東人な奴』,https://www.youtube.com/watch?v=moCoQuzSOrI,https://www.youtube.com/watch?v=moCoQuzSOrI#t=18m00s,moCoQuzSOrI,お笑い
ジャルジャルタワー JARUJARU TOWER,『リモートで宿題を教えてもらう南っていう奴』,https://www.youtube.com/watch?v=oV-wrHH8MeA,https://www.youtube.com/watch?v=oV-wrHH8MeA#t=7m00s,oV-wrHH8MeA,お笑い
ジャルジャルタワー JARUJARU TOWER,『ハズレの先生にリモート授業される奴』,https://www.youtube.com/watch?v=lYj-w-k3keg,https://www.youtube.com/watch?v=lYj-w-k3keg#t=1m00s,lYj-w-k3keg,お笑い
ジャルジャルタワー JARUJARU TOWER,『リモート面接でめっちゃふざける奴』,https://www.youtube.com/watch?v=Hm0eFTcVEPs,https://www.youtube.com/watch?v=Hm0eFTcVEPs#t=23m00s,Hm0eFTcVEPs,お笑い
ジャルジャルタワー JARUJARU TOWER,『ウルフルズに影響されてる奴〜リモートオーディション〜』,https://www.youtube.com/watch?v=6_FvAmx5t0c,https://www.youtube.com/watch?v=6_FvAmx5t0c#t=12m00s,6_FvAmx5t0c,お笑い
ジャルジャルタワー JARUJARU TOWER,『角刈りのくせにリモートでもクラスのメインになろうとする奴』,https://www.youtube.com/watch?v=THK-Q89rrAw,https://www.youtube.com/watch?v=THK-Q89rrAw#t=22m00s,THK-Q89rrAw,お笑い
ジャルジャルタワー JARUJARU TOWER,『ウルフルズに会わされるウルフルズに影響されてる奴』,https://www.youtube.com/watch?v=_FCcF-NphWo,https://www.youtube.com/watch?v=_FCcF-NphWo#t=15m00s,_FCcF-NphWo,お笑い
ジャルジャルタワー JARUJARU TOWER,『間違えて、違う会社のリモート会議に何回も入ってくる奴』,https://www.youtube.com/watch?v=k6hUrckygnk,https://www.youtube.com/watch?v=k6hUrckygnk#t=11m00s,k6hUrckygnk,お笑い
ジャルジャルタワー JARUJARU TOWER,『男なのに女子バレー部のリモートミーティングに呼ばれた奴』,https://www.youtube.com/watch?v=re3sT74PMPE,https://www.youtube.com/watch?v=re3sT74PMPE#t=21m00s,re3sT74PMPE,お笑い
ジャルジャルタワー JARUJARU TOWER,『リモートでも独裁者の卵な奴』,https://www.youtube.com/watch?v=Bw-Mh9e6Tcw,https://www.youtube.com/watch?v=Bw-Mh9e6Tcw#t=9m00s,Bw-Mh9e6Tcw,お笑い
ジャルジャルタワー JARUJARU TOWER,『ギャグするの恥ずい奴』,https://www.youtube.com/watch?v=k009eK-QR-s,https://www.youtube.com/watch?v=k009eK-QR-s#t=12m00s,k009eK-QR-s,お笑い
ジャルジャルタワー JARUJARU TOWER,『生配信でトラブル起きるハート♡キョーコって奴』,https://www.youtube.com/watch?v=rQ5olpuhjag,https://www.youtube.com/watch?v=rQ5olpuhjag#t=22m00s,rQ5olpuhjag,お笑い
ジャルジャルタワー JARUJARU TOWER,【2020】ため口な奴〜カスタマーセンター〜,https://www.youtube.com/watch?v=xFDKkE8jxEc,https://www.youtube.com/watch?v=xFDKkE8jxEc#t=13m00s,xFDKkE8jxEc,お笑い
ジャルジャルタワー JARUJARU TOWER,『リモート飲み会に知らん友達勝手に呼びまくる奴』,https://www.youtube.com/watch?v=34TcaA0XMqQ,https://www.youtube.com/watch?v=34TcaA0XMqQ#t=36m00s,34TcaA0XMqQ,お笑い
ジャルジャルタワー JARUJARU TOWER,『生配信でけん玉兄弟やらされる奴』,https://www.youtube.com/watch?v=edbD6wnIu0A,https://www.youtube.com/watch?v=edbD6wnIu0A#t=15m00s,edbD6wnIu0A,お笑い
ジャルジャルタワー JARUJARU TOWER,『うろ覚えでライブする奴』,https://www.youtube.com/watch?v=wtMWIcdXPkw,https://www.youtube.com/watch?v=wtMWIcdXPkw#t=5m00s,wtMWIcdXPkw,お笑い
ジャルジャルタワー JARUJARU TOWER,『生配信で大事な発表する奴』,https://www.youtube.com/watch?v=lmzFf_iWTdQ,https://www.youtube.com/watch?v=lmzFf_iWTdQ#t=31m00s,lmzFf_iWTdQ,お笑い
ジャルジャルタワー JARUJARU TOWER,生配信！『悩み解決する時だけ滑舌悪い奴』,https://www.youtube.com/watch?v=rOEI4KTfjYI,https://www.youtube.com/watch?v=rOEI4KTfjYI#t=4m00s,rOEI4KTfjYI,お笑い
ジャルジャルタワー JARUJARU TOWER,生配信！『リモート会議で屁こいてるのバレる奴』,https://www.youtube.com/watch?v=IDrf3-WaTfw,https://www.youtube.com/watch?v=IDrf3-WaTfw#t=16m00s,IDrf3-WaTfw,お笑い
バケゆかちゃんねる,#品行ウィーク おさかなじんろう品行崩壊村 　バケゆか視点　8/08,https://www.youtube.com/watch?v=lkzCPE6ORIs,https://www.youtube.com/watch?v=lkzCPE6ORIs#t=4m00s,lkzCPE6ORIs,ゲーム
バケゆかちゃんねる,【品行ウィーク】あひる人狼！！　ぐーすぐーすだっく！　バケゆか視点 8/09,https://www.youtube.com/watch?v=_AgiU8GsPNw,https://www.youtube.com/watch?v=_AgiU8GsPNw#t=0m00s,_AgiU8GsPNw,ゲーム
バケゆかちゃんねる,品行崩壊で「ぐちつボウ」 #品行ウィーク Day6　バケゆか視点　8/11,https://www.youtube.com/watch?v=5CMrm6Ee9Ss,https://www.youtube.com/watch?v=5CMrm6Ee9Ss#t=2m00s,5CMrm6Ee9Ss,ゲーム
バケゆかちゃんねる,【品行崩壊ディプロマシー】頭脳戦だって出来るんだぞ！！　 バケゆか視点　08/12,https://www.youtube.com/watch?v=YIfqryKYxPk,https://www.youtube.com/watch?v=YIfqryKYxPk#t=281m00s,YIfqryKYxPk,ゲーム
バケゆかちゃんねる,【品行崩壊Among Us】ありがとう #品行ウィーク　バケゆか視点 8/12,https://www.youtube.com/watch?v=n0Y0__L-wX8,https://www.youtube.com/watch?v=n0Y0__L-wX8#t=-1m00s,n0Y0__L-wX8,ゲーム
バケゆかちゃんねる,ヴァロラント！！二次会アモアス配信者！！ 　バケゆか視点　8/15,https://www.youtube.com/watch?v=uDcGAL2gpY8,https://www.youtube.com/watch?v=uDcGAL2gpY8#t=-1m00s,uDcGAL2gpY8,ゲーム
バケゆかちゃんねる,FEIGN　　#ぺぇいん青年会　バケゆか視点　8/18,https://www.youtube.com/watch?v=_5bs5NJ8kAo,https://www.youtube.com/watch?v=_5bs5NJ8kAo#t=0m00s,_5bs5NJ8kAo,ゲーム
バケゆかちゃんねる,久しぶりのホラゲー！！夜間警備！！ 　バケゆか視点　8/25,https://www.youtube.com/watch?v=f_vPaqFNhMs,https://www.youtube.com/watch?v=f_vPaqFNhMs#t=1m00s,f_vPaqFNhMs,ゲーム
バケゆかちゃんねる,二次会！！アモアス勢と悪魔のいけにえ！！（ちょっとぐろ注意） 　バケゆか視点　9/21,https://www.youtube.com/watch?v=OPhaZPvNMhU,https://www.youtube.com/watch?v=OPhaZPvNMhU#t=-1m00s,OPhaZPvNMhU,ゲーム
RIZIN FIGHTING FEDERATION,"【ABEMA同時放送】RIZIN.44前日特番！榊原パイセンがアベマにやってきたぞSP』|9.24『RIZIN.44』ABEMAでPPVチケット販売中！最大4,000円キャッシュバックCP実施中！",https://www.youtube.com/watch?v=up8MY_hwjI4,https://www.youtube.com/watch?v=up8MY_hwjI4#t=41m00s,up8MY_hwjI4,格闘
RIZIN FIGHTING FEDERATION,【出張版】榊󠄀原社長に呼び出されました 2023 → ゲスト：SECRET,https://www.youtube.com/watch?v=0dDgB8t8DcA,https://www.youtube.com/watch?v=0dDgB8t8DcA#t=66m00s,0dDgB8t8DcA,格闘
RIZIN FIGHTING FEDERATION,【RIZIN.44直前番組】スペシャル座談会,https://www.youtube.com/watch?v=7sPAhK44dso,https://www.youtube.com/watch?v=7sPAhK44dso#t=92m00s,7sPAhK44dso,格闘
RIZIN FIGHTING FEDERATION,RIZIN LANDMARK 7 in Azerbaijan 対戦カード発表記者会見 - 2023/9/14,https://www.youtube.com/watch?v=plzB1MHN5CU,https://www.youtube.com/watch?v=plzB1MHN5CU#t=23m00s,plzB1MHN5CU,格闘
RIZIN FIGHTING FEDERATION,RIZINガール2023 最終オーディション / 結果発表生配信,https://www.youtube.com/watch?v=HJ4klRHB3rE,https://www.youtube.com/watch?v=HJ4klRHB3rE#t=45m00s,HJ4klRHB3rE,格闘
RIZIN FIGHTING FEDERATION,RIZIN.44＆RIZIN LANDMARK 6 追加対戦カード発表記者会見 - 2023/9/2,https://www.youtube.com/watch?v=DrEbCrH46Wg,https://www.youtube.com/watch?v=DrEbCrH46Wg#t=8m00s,DrEbCrH46Wg,格闘
RIZIN FIGHTING FEDERATION,榊󠄀原社長に呼び出されました 2023 → ゲスト：スダリオ剛,https://www.youtube.com/watch?v=si7by8JTArY,https://www.youtube.com/watch?v=si7by8JTArY#t=-1m00s,si7by8JTArY,格闘
RIZIN FIGHTING FEDERATION,RIZIN.44 追加対戦カード発表記者会見 - 2023/8/9,https://www.youtube.com/watch?v=NmB8jJSdIa0,https://www.youtube.com/watch?v=NmB8jJSdIa0#t=32m00s,NmB8jJSdIa0,格闘
RIZIN FIGHTING FEDERATION,榊󠄀原社長に呼び出されました 2023 → ゲスト：鈴木千裕 PART2,https://www.youtube.com/watch?v=8hY18bCil2M,https://www.youtube.com/watch?v=8hY18bCil2M#t=38m00s,8hY18bCil2M,格闘
RIZIN FIGHTING FEDERATION,緊急生放送！のむシリカ presents 超RIZIN.2 powered by U-NEXT直前特番,https://www.youtube.com/watch?v=9CgYOaQIYv4,https://www.youtube.com/watch?v=9CgYOaQIYv4#t=18m00s,9CgYOaQIYv4,格闘
RIZIN FIGHTING FEDERATION,超前夜祭 - のむシリカ presents 超RIZIN.2 powered by U-NEXT,https://www.youtube.com/watch?v=nrOj0rCUDvs,https://www.youtube.com/watch?v=nrOj0rCUDvs#t=36m00s,nrOj0rCUDvs,格闘
RIZIN FIGHTING FEDERATION,榊󠄀原社長に呼び出されました 2023 → ゲスト：鈴木千裕,https://www.youtube.com/watch?v=SMNAFwAgWrQ,https://www.youtube.com/watch?v=SMNAFwAgWrQ#t=15m00s,SMNAFwAgWrQ,格闘
ほんだのばいく,♦ナゾトキのもり♣,https://www.youtube.com/watch?v=TXqzg2iXklE,https://www.youtube.com/watch?v=TXqzg2iXklE#t=68m00s,TXqzg2iXklE,ゲーム
もこうの実況,重大な告知,https://www.youtube.com/watch?v=jEI8zFApAAw,https://www.youtube.com/watch?v=jEI8zFApAAw#t=7m00s,jEI8zFApAAw,ゲーム
みたでらげーむ,ライブ配信！MDG4周年記念雑談枠,https://www.youtube.com/watch?v=1K20jFn4Boo,https://www.youtube.com/watch?v=1K20jFn4Boo#t=24m00s,1K20jFn4Boo,ゲーム
みたでらげーむ,ゲーム体験がお金に！？ネコダービーやってみる！web3.0テクノロジーとは？〈ネコダービー/ブラウザ版〉,https://www.youtube.com/watch?v=nTGuYF4-C08,https://www.youtube.com/watch?v=nTGuYF4-C08#t=53m00s,nTGuYF4-C08,ゲーム
みたでらげーむ,DBDライブ配信！ゼノモーフ使って彩１なるぞデッドバイデイライトLive！〈Dead by Daylight/PS5版〉,https://www.youtube.com/watch?v=E_-Ablx5S1Y,https://www.youtube.com/watch?v=E_-Ablx5S1Y#t=10m00s,E_-Ablx5S1Y,ゲーム
みたでらげーむ,DBDライブ配信！ゼノモーフ使って彩１なるぞデッドバイデイライトLive！〈Dead by Daylight/PS5版〉,https://www.youtube.com/watch?v=hsNyx3xeI_g,https://www.youtube.com/watch?v=hsNyx3xeI_g#t=315m00s,hsNyx3xeI_g,ゲーム
みたでらげーむ,DBDライブ配信！ゼノモーフ使って彩１なるぞデッドバイデイライトLive！〈Dead by Daylight/PS5版〉,https://www.youtube.com/watch?v=sas2ygEJtTk,https://www.youtube.com/watch?v=sas2ygEJtTk#t=69m00s,sas2ygEJtTk,ゲーム
みたでらげーむ,DBDライブ配信！ゼノモーフ使って彩１なるぞデッドバイデイライトLive！〈Dead by Daylight/PS5版〉,https://www.youtube.com/watch?v=lrLBHcilDu4,https://www.youtube.com/watch?v=lrLBHcilDu4#t=281m00s,lrLBHcilDu4,ゲーム
みたでらげーむ,はじめてのゼルダ！ゼルダの伝説ティアーズ オブ ザ キングダムライブ配信！〈ゼルダの伝説ティアーズ オブ ザ キングダム/Nintendo Switch〉,https://www.youtube.com/watch?v=IiD460ZVL2w,https://www.youtube.com/watch?v=IiD460ZVL2w#t=24m00s,IiD460ZVL2w,ゲーム
みたでらげーむ,APEXライブ配信！ふぁんきいさんとエーペックスLive！〈APEX/STEAM版〉,https://www.youtube.com/watch?v=e7j-A-la9HU,https://www.youtube.com/watch?v=e7j-A-la9HU#t=12m00s,e7j-A-la9HU,ゲーム
みたでらげーむ,DBDライブ配信！ゼノモーフ使って彩１なるぞデッドバイデイライトLive！〈Dead by Daylight/PS5版〉,https://www.youtube.com/watch?v=i2VdOSPXus4,https://www.youtube.com/watch?v=i2VdOSPXus4#t=25m00s,i2VdOSPXus4,ゲーム
みたでらげーむ,APEXライブ配信！ゴリラさんと参加型カスタムエーペックスLive！〈APEX/STEAM版〉,https://www.youtube.com/watch?v=E4jFCUHz1dY,https://www.youtube.com/watch?v=E4jFCUHz1dY#t=23m00s,E4jFCUHz1dY,ゲーム
みたでらげーむ,DBDライブ配信！ゼノモーフ使って彩１なるぞデッドバイデイライトLive！〈Dead by Daylight/PS5版〉,https://www.youtube.com/watch?v=jHfKODqB6P4,https://www.youtube.com/watch?v=jHfKODqB6P4#t=6m00s,jHfKODqB6P4,ゲーム
みたでらげーむ,スイカゲーム配信！今話題のゲームをやってみる！,https://www.youtube.com/watch?v=Emeh5mZ_TUg,https://www.youtube.com/watch?v=Emeh5mZ_TUg#t=9m00s,Emeh5mZ_TUg,ゲーム
よしもと漫才劇場チャンネル,【生配信】マンゲキメンバーと一緒にときめく学園生活を送ろう！『ときめきメモリアル Girl's Side 4th Heart』#2【マンゲキゲーム実況】,https://www.youtube.com/watch?v=cNrJNarNIcU,https://www.youtube.com/watch?v=cNrJNarNIcU#t=76m00s,cNrJNarNIcU,お笑い/ゲーム
よしもと漫才劇場チャンネル,【生配信】マンゲキメンバーと勝負だ！視聴者参加型『大乱闘スマッシュブラザーズ』【マンゲキゲーム実況】,https://www.youtube.com/watch?v=Jmo9IyDJqLk,https://www.youtube.com/watch?v=Jmo9IyDJqLk#t=68m00s,Jmo9IyDJqLk,お笑い/ゲーム
よしもと漫才劇場チャンネル,【生配信】※閲覧注意※夏はやっぱりホラーゲーム！懐かしのホラーゲーム「DearhForest～恐怖の森～」をプレイ　#前編 【マンゲキゲーム実況】,https://www.youtube.com/watch?v=PhL2pRvnVhU,https://www.youtube.com/watch?v=PhL2pRvnVhU#t=62m00s,PhL2pRvnVhU,お笑い/ゲーム
よしもと漫才劇場チャンネル,【生配信】同期でワイワイ！！『アルティメットチキンホース』をプレイ！！【マンゲキゲーム実況】,https://www.youtube.com/watch?v=o7bNTQ2eExs,https://www.youtube.com/watch?v=o7bNTQ2eExs#t=48m00s,o7bNTQ2eExs,お笑い/ゲーム
よしもと漫才劇場チャンネル,【生配信】仲が良くてもゲームでは容赦なし！？「マリオパーティ スーパースターズ」で対決！！【マンゲキゲーム実況】,https://www.youtube.com/watch?v=B91z-feFDzE,https://www.youtube.com/watch?v=B91z-feFDzE#t=62m00s,B91z-feFDzE,お笑い/ゲーム
よしもと漫才劇場チャンネル,【生配信】マンゲキゲーム実況、第2シーズン開始！！みんなでわいわい『マリオパーティ スーパースターズ』をプレイ！！【マンゲキゲーム実況】,https://www.youtube.com/watch?v=8zoF72L-NJw,https://www.youtube.com/watch?v=8zoF72L-NJw#t=2m00s,8zoF72L-NJw,お笑い/ゲーム
よしもと漫才劇場チャンネル,【生配信】初登場🎊ぐろうと『スーパー野田ゲーWORLD』をプレイ！！【マンゲキゲーム実況】,https://www.youtube.com/watch?v=s7a7jBHydGg,https://www.youtube.com/watch?v=s7a7jBHydGg#t=23m00s,s7a7jBHydGg,お笑い/ゲーム
よしもと漫才劇場チャンネル,【生配信】4人で協力！！ドタバタクッキング🍳『オーバークック　王国のフルコース』をプレイ！【マンゲキゲーム実況】,https://www.youtube.com/watch?v=MmiUIGR1gKY,https://www.youtube.com/watch?v=MmiUIGR1gKY#t=8m00s,MmiUIGR1gKY,お笑い/ゲーム
よしもと漫才劇場チャンネル,【大晦日大祭典 連動企画】ゲームでもガチ対決だ！～8時間生配信～【マンゲキゲーム実況】,https://www.youtube.com/watch?v=gGzn28VDwws,https://www.youtube.com/watch?v=gGzn28VDwws#t=38m00s,gGzn28VDwws,お笑い/ゲーム
よしもと漫才劇場チャンネル,生配信】マンゲキメンバーと勝負🔥！！パーティゲーム『FALL GUYS』を楽しくプレイ！【マンゲキゲーム実況】,https://www.youtube.com/watch?v=_15fah_6uYk,https://www.youtube.com/watch?v=_15fah_6uYk#t=85m00s,_15fah_6uYk,お笑い/ゲーム
よしもと漫才劇場チャンネル,生配信】４人の団結力とひらめきが試される協力パズルゲーム『ロロロロ』をプレイ【#3】【マンゲキゲーム実況】,https://www.youtube.com/watch?v=GxIIO6qMKLI,https://www.youtube.com/watch?v=GxIIO6qMKLI#t=1m00s,GxIIO6qMKLI,お笑い/ゲーム
Riel Ch. 桃園りえる,【 #歌枠 】同接300目標🍑💫多声類天使のはちゃめちゃ歌枠🕊✨【 桃園りえる / のなめぷろだくしょん 】,https://www.youtube.com/watch?v=y9JrvN6fEl4,https://www.youtube.com/watch?v=y9JrvN6fEl4#t=93m00s,y9JrvN6fEl4,Vtuber/ゲーム
Riel Ch. 桃園りえる,【 FF零式 】選び抜いたメンツでオリエンスを救うという気持ちだけはある【 桃園りえる／のなめぷろだくしょん】,https://www.youtube.com/watch?v=E11UHkH9kdA,https://www.youtube.com/watch?v=E11UHkH9kdA#t=59m00s,E11UHkH9kdA,Vtuber
Riel Ch. 桃園りえる,【 雑談 】今日は全員名前呼び💫新規も沢山増えたのでゆっくり話すぞ👅【 のなめぷろだくしょん／桃園りえる 】,https://www.youtube.com/watch?v=3JHoE-V2sxA,https://www.youtube.com/watch?v=3JHoE-V2sxA#t=42m00s,3JHoE-V2sxA,Vtuber
Riel Ch. 桃園りえる,【 We Were Here 】日本語に対応した廃墟から堂々と脱出する天使と悪魔【 のなめぷろだくしょん／桃園りえる・闇乃あびす 】,https://www.youtube.com/watch?v=UPzZxH2jwvo,https://www.youtube.com/watch?v=UPzZxH2jwvo#t=49m00s,UPzZxH2jwvo,Vtuber/ゲーム
Riel Ch. 桃園りえる,【 FF零式 】強くてニューゲームに甘え続けたツケを払う時が来た【 桃園りえる／のなめぷろだくしょん】,https://www.youtube.com/watch?v=Et0sZ2O3AYA,https://www.youtube.com/watch?v=Et0sZ2O3AYA#t=55m00s,Et0sZ2O3AYA,Vtuber/ゲーム
Riel Ch. 桃園りえる,【 #原神 】正義の国フォンテーヌ、新たな出会いを求めて乗り込むぞ！！【 Genshinimpact 】,https://www.youtube.com/watch?v=-MSHR3OWlHc,https://www.youtube.com/watch?v=-MSHR3OWlHc#t=73m00s,-MSHR3OWlHc,Vtuber/ゲーム
Riel Ch. 桃園りえる,【 #RUST 】最強の師匠と行く‼原人からオイルリグ攻略するまで終われません🕊✨【 のなめぷろだくしょん／桃園りえる 】,https://www.youtube.com/watch?v=FLgRT4cnfDo,https://www.youtube.com/watch?v=YEqjIFxbR4U#t=30m00s,FLgRT4cnfDo,Vtuber/ゲーム
Riel Ch. 桃園りえる,【 We Were Here 】あるのは無線だけ。相方の声だけを頼りに廃墟から脱出するぞ【 のなめぷろだくしょん／桃園りえる・闇乃あびす 】,https://www.youtube.com/watch?v=oeMAtKsRc4k,https://www.youtube.com/watch?v=oeMAtKsRc4k#t=307m00s,oeMAtKsRc4k,Vtuber/ゲーム
Riel Ch. 桃園りえる,【 原神 / マルチあり 】鍾離お迎え準備回!!素材集めしながら雑談するぞ👅✨【 Genshinimpact 】,https://www.youtube.com/watch?v=Nls_pMDoSKg,https://www.youtube.com/watch?v=Nls_pMDoSKg#t=104m00s,Nls_pMDoSKg,Vtuber/ゲーム
Riel Ch. 桃園りえる,【 #歌枠 】サンホラ縛り歌枠！ローランのおまえらたちはここに集合なのです🌹✨【 桃園りえる / のなめぷろだくしょん 】,https://www.youtube.com/watch?v=SO9R6ABKczk,https://www.youtube.com/watch?v=SO9R6ABKczk#t=20m00s,SO9R6ABKczk,Vtuber
Riel Ch. 桃園りえる,【 雑談 】登録者13万人てんきゅーなのです！今日は全員名前呼ぶぞ👅✨【 のなめぷろだくしょん／桃園りえる 】,https://www.youtube.com/watch?v=k3qdx4s4QTg,https://www.youtube.com/watch?v=k3qdx4s4QTg#t=95m00s,k3qdx4s4QTg,Vtuber
Riel Ch. 桃園りえる,【 #歌枠 】同接300目指して🍑💫リハビリがてら自由に歌うぞ👅✨【 桃園りえる / のなめぷろだくしょん 】,https://www.youtube.com/watch?v=b3FnSxFNIZo,https://www.youtube.com/watch?v=b3FnSxFNIZo#t=69m00s,b3FnSxFNIZo,Vtuber
【バスケ】第99回天皇杯 2次ラウンド 石川会場 DAY2 | 2023.9.23 |三河vs仙台/徳島vs川崎,【バスケ】第99回天皇杯 2次ラウンド 石川会場 DAY2 | 2023.9.23 |三河vs仙台/徳島vs川崎,https://www.youtube.com/watch?v=6v4aAzu2yJA,https://www.youtube.com/watch?v=6v4aAzu2yJA#t=109m00s,6v4aAzu2yJA,スポーツ
【バスケ】第99回天皇杯 2次ラウンド 石川会場 DAY2 | 2023.9.23 |三河vs仙台/徳島vs川崎,【バスケ】第99回天皇杯 2次ラウンド 群馬会場 DAY2 | 2023.9.23 |群馬vs京都/島根vs山口,https://www.youtube.com/watch?v=_tTPzK-9N9k,https://www.youtube.com/watch?v=_tTPzK-9N9k#t=82m00s,_tTPzK-9N9k,スポーツ
【バスケ】第99回天皇杯 2次ラウンド 石川会場 DAY2 | 2023.9.23 |三河vs仙台/徳島vs川崎,【バスケ】第99回天皇杯 2次ラウンド 栃木会場 DAY2 | 2023.9.23 |宇都宮vs岡山/三遠vs福岡,https://www.youtube.com/watch?v=KDFG6WXf6t8,https://www.youtube.com/watch?v=KDFG6WXf6t8#t=90m00s,KDFG6WXf6t8,スポーツ
【バスケ】第99回天皇杯 2次ラウンド 石川会場 DAY2 | 2023.9.23 |三河vs仙台/徳島vs川崎,【バスケ】第99回天皇杯 2次ラウンド 長野会場 DAY2 | 2023.9.23 |大阪vs長崎/信州vs品川,https://www.youtube.com/watch?v=2lzZJcLRVMI,https://www.youtube.com/watch?v=2lzZJcLRVMI#t=197m00s,2lzZJcLRVMI,スポーツ
【バスケ】第99回天皇杯 2次ラウンド 石川会場 DAY2 | 2023.9.23 |三河vs仙台/徳島vs川崎,【バスケ】第99回天皇杯 2次ラウンド 富山会場 DAY2 | 2023.9.23 |広島vs岐阜/SR渋谷vs富山,https://www.youtube.com/watch?v=H8TGA32bnB8,https://www.youtube.com/watch?v=H8TGA32bnB8#t=110m00s,H8TGA32bnB8,スポーツ
【バスケ】第99回天皇杯 2次ラウンド 石川会場 DAY2 | 2023.9.23 |三河vs仙台/徳島vs川崎,【バスケ】第99回天皇杯 2次ラウンド 北海道会場 DAY2 | 2023.9.23 |名古屋Dvs福井/香川vs北海道,https://www.youtube.com/watch?v=4_uU6n0cqyc,https://www.youtube.com/watch?v=4_uU6n0cqyc#t=241m00s,4_uU6n0cqyc,スポーツ
【バスケ】第99回天皇杯 2次ラウンド 石川会場 DAY2 | 2023.9.23 |三河vs仙台/徳島vs川崎,【バスケ】第99回天皇杯 2次ラウンド 和歌山会場 DAY2 | 2023.9.23 |FE名古屋vs佐賀/A東京vs湘南,https://www.youtube.com/watch?v=2Flddn86q8U,https://www.youtube.com/watch?v=2Flddn86q8U#t=103m00s,2Flddn86q8U,スポーツ
【バスケ】第99回天皇杯 2次ラウンド 石川会場 DAY2 | 2023.9.23 |三河vs仙台/徳島vs川崎,【バスケ】第99回天皇杯 2次ラウンド 秋田会場 DAY1 | 2023.9.22 | 滋賀vs八王子/立川vs大東文化大/横浜BCvs神戸/秋田vs岩手,https://www.youtube.com/watch?v=BfITpArf1Zs,https://www.youtube.com/watch?v=BfITpArf1Zs#t=605m00s,BfITpArf1Zs,スポーツ
【バスケ】第99回天皇杯 2次ラウンド 石川会場 DAY2 | 2023.9.23 |三河vs仙台/徳島vs川崎,【バスケ】第99回天皇杯 2次ラウンド 和歌山会場 DAY1 | 2023.9.22 | 佐賀vs鹿児島/FE名古屋vs埼玉/湘南vsALT/A東京vsA千葉,https://www.youtube.com/watch?v=Jww4Jhxo40Y,https://www.youtube.com/watch?v=Jww4Jhxo40Y#t=602m00s,Jww4Jhxo40Y,スポーツ
【バスケ】第99回天皇杯 2次ラウンド 石川会場 DAY2 | 2023.9.23 |三河vs仙台/徳島vs川崎,【バスケ】第99回天皇杯 2次ラウンド 石川会場 DAY1 | 2023.9.22 | 三河vs青森/仙台vs奈良/金沢vs徳島,https://www.youtube.com/watch?v=E_Y00ZJ4shE,https://www.youtube.com/watch?v=E_Y00ZJ4shE#t=16m00s,E_Y00ZJ4shE,スポーツ
【バスケ】第99回天皇杯 2次ラウンド 石川会場 DAY2 | 2023.9.23 |三河vs仙台/徳島vs川崎,【バスケ】第99回天皇杯 2次ラウンド 北海道会場 DAY1 | 2023.9.22 | 名古屋Dvs福島/福井vs横河電機/茨城vs香川/北海道vs豊田合成,https://www.youtube.com/watch?v=v3N_qwTg9Bk,https://www.youtube.com/watch?v=v3N_qwTg9Bk#t=459m00s,v3N_qwTg9Bk,スポーツ
【バスケ】第99回天皇杯 2次ラウンド 石川会場 DAY2 | 2023.9.23 |三河vs仙台/徳島vs川崎,【バスケ】第99回天皇杯 2次ラウンド 群馬会場 DAY1 | 2023.9.22 | 島根vs山形/山口vs和歌山/群馬vs静岡/京都vs東京U,https://www.youtube.com/watch?v=9poBu0-ZfQQ,https://www.youtube.com/watch?v=9poBu0-ZfQQ#t=47m00s,9poBu0-ZfQQ,スポーツ
【バスケ】第99回天皇杯 2次ラウンド 石川会場 DAY2 | 2023.9.23 |三河vs仙台/徳島vs川崎,【バスケ】第99回天皇杯 2次ラウンド 栃木会場 DAY1 | 2023.9.22 | 岡山vs山口クラブ/三遠vs越谷/新潟vs福岡,https://www.youtube.com/watch?v=Cdkf96hOg_k,https://www.youtube.com/watch?v=Cdkf96hOg_k#t=66m00s,Cdkf96hOg_k,スポーツ
【バスケ】第99回天皇杯 2次ラウンド 石川会場 DAY2 | 2023.9.23 |三河vs仙台/徳島vs川崎,バスケットボールワールドカップ組み合わせ抽選会スペシャル,https://www.youtube.com/watch?v=kxuQodNufUM,https://www.youtube.com/watch?v=kxuQodNufUM#t=165m00s,kxuQodNufUM,スポーツ
チャーくんの本気でスポーツ実況チ,【エンゼルス】【大谷翔平】9/23対ツインズ【ラジオ風に実況配信！】,https://www.youtube.com/watch?v=5qos7ceqxPI,https://www.youtube.com/watch?v=5qos7ceqxPI#t=160m00s,5qos7ceqxPI,スポーツ
チャーくんの本気でスポーツ実況チ,【エンゼルス】【大谷翔平】9/22対レイズ【ラジオ風に実況配信！】,https://www.youtube.com/watch?v=hXhT87kVWWc,https://www.youtube.com/watch?v=hXhT87kVWWc#t=140m00s,hXhT87kVWWc,スポーツ
チャーくんの本気でスポーツ実況チ,【エンゼルス】【大谷翔平】9/21対レイズ【ラジオ風に実況配信！】,https://www.youtube.com/watch?v=xAu3nRtJeSE,https://www.youtube.com/watch?v=xAu3nRtJeSE#t=231m00s,xAu3nRtJeSE,スポーツ
チャーくんの本気でスポーツ実況チ,【エンゼルス】【大谷翔平】9/18対タイガース【ラジオ風に実況配信！】,https://www.youtube.com/watch?v=hiwJYD80In8,https://www.youtube.com/watch?v=hiwJYD80In8#t=-1m00s,hiwJYD80In8,スポーツ
チャーくんの本気でスポーツ実況チ,【エンゼルス】【大谷翔平】9/17対タイガース【ラジオ風に実況配信！】,https://www.youtube.com/watch?v=Bm0hgyHQvPk,https://www.youtube.com/watch?v=Bm0hgyHQvPk#t=39m00s,Bm0hgyHQvPk,スポーツ
チャーくんの本気でスポーツ実況チ,【エンゼルス】【大谷翔平】9/16対タイガース【ラジオ風に実況配信！】,https://www.youtube.com/watch?v=E4Kv_XTUF78,https://www.youtube.com/watch?v=E4Kv_XTUF78#t=-1m00s,E4Kv_XTUF78,スポーツ
VICENTE AGEMATSU,山中湖花火大会ライブ配信　Yamanakako Fireworks Festival Live Streaming（表紙イメージはAI画像合成による架空のものです。）,https://www.youtube.com/watch?v=Jcno55iusfQ,https://www.youtube.com/watch?v=Jcno55iusfQ#t=41m00s,Jcno55iusfQ,固定カメラ
VICENTE AGEMATSU,"TOKYO LIVE CAMERA ,東京ライブカメラ, Línea Tokio, Tokyo Line, 东京现场摄像, 도쿄 라이브 카메라",https://www.youtube.com/watch?v=mr9fiXejKRk,https://www.youtube.com/watch?v=mr9fiXejKRk#t=476m00s,mr9fiXejKRk,固定カメラ
VICENTE AGEMATSU,"富士山ライブカメラ、FUJI LIVE CAMERA 、北斎画の富士山、Mt. Fuji"" live camera, World heritage of JAPAN.！世界遺産「富士山」昼の部",https://www.youtube.com/watch?v=ILK58rUx4P8,https://www.youtube.com/watch?v=ILK58rUx4P8#t=28m00s,ILK58rUx4P8,固定カメラ
VICENTE AGEMATSU,"東京ライブ夜の部。流星！紅富士TOKYO LIVE CAMERA, night view. The world's No. 1 city to live in.,Meteors shower",https://www.youtube.com/watch?v=Eddg9WAYo2M,https://www.youtube.com/watch?v=Eddg9WAYo2M#t=-1m00s,Eddg9WAYo2M,固定カメラ
Rush WinRed,【CoD:WARZONE2】世界大会ミラー配信！賞金総額『1億7000万円』日本勢全力応援するぞ！！,https://www.youtube.com/watch?v=FBsLAzH4f0g,https://www.youtube.com/watch?v=FBsLAzH4f0g#t=123m00s,FBsLAzH4f0g,ゲーム
Rush WinRed,【NARAKA: BLADEPOINT】遂にPS5版無料配信スタート！早速プレイして行きます！#NARAKABLADEPOINT,https://www.youtube.com/watch?v=8wuC1m3uxVc,https://www.youtube.com/watch?v=8wuC1m3uxVc#t=-1m00s,8wuC1m3uxVc,ゲーム
Rush WinRed,【WinRed視点】Call of Duty:Black Ops Cold War CREATORS PARTY【BOCW】,https://www.youtube.com/watch?v=xfEzlpAo8rc,https://www.youtube.com/watch?v=xfEzlpAo8rc#t=168m00s,xfEzlpAo8rc,ゲーム
Rush WinRed,企画】スナイパー縛りで任務完了できるのか！？ルールは概要覧から（公開配信アーカイブ）【CoD:WARZONE】,https://www.youtube.com/watch?v=lT5Qzm3t8UA,https://www.youtube.com/watch?v=lT5Qzm3t8UA#t=60m00s,lT5Qzm3t8UA,ゲーム
Rush WinRed,【企画】みんな一緒に戦おうぜ！同じマッチ参加OK！過去配信公開アーカイプ！【CoD:WARZONE】,https://www.youtube.com/watch?v=Fwludb_gfmI,https://www.youtube.com/watch?v=Fwludb_gfmI#t=98m00s,Fwludb_gfmI,ゲーム
Rush WinRed,【目指せAPEXプレデター】現在 プラチナ３ランクリーグ 「Rush Gaming」「Apex Legends」,https://www.youtube.com/watch?v=zT_5KL818S8,https://www.youtube.com/watch?v=zT_5KL818S8#t=-1m00s,zT_5KL818S8,ゲーム
BWF TV,Badminton Weekly Ep.35 | #HongKongOpen2023 highlights,https://www.youtube.com/watch?v=VjPRqspCbZo,https://www.youtube.com/watch?v=VjPRqspCbZo#t=28m00s,VjPRqspCbZo,スポーツ
BWF TV,VICTOR Hong Kong Open 2023 | Day 4 | Court 1 | Quarterfinals,https://www.youtube.com/watch?v=Zwn7eZrrJ9M,,Zwn7eZrrJ9M,スポーツ
BWF TV,VICTOR Hong Kong Open 2023 | Day 4 | Court 3 | Quarterfinals,https://www.youtube.com/watch?v=kK216H0SHSs,,kK216H0SHSs,スポーツ
BWF TV,VICTOR Hong Kong Open 2023 | Day 4 | Court 2 | Quarterfinals | Session 2,https://www.youtube.com/watch?v=32pdOuC0UU0,,32pdOuC0UU0,スポーツ
BWF TV,VICTOR Hong Kong Open 2023 | Day 4 | Court 2 | Quarterfinals | Session 1,https://www.youtube.com/watch?v=hTegrOVFOPU,,hTegrOVFOPU,スポーツ
BWF TV,VICTOR Hong Kong Open 2023 | Carolina Marin (ESP) [3] vs. Gregoria Mariska Tunjung (INA) [5] | QF,https://www.youtube.com/watch?v=XXevIlg6_9U,,XXevIlg6_9U,スポーツ
ラブリィch,100回勝つまで終われないランクマッチ生放送【碧の仮面】,https://www.youtube.com/watch?v=UtxHaM5f7GA,,UtxHaM5f7GA,ゲーム
,100勝のパーティ作成・ランクマ【ポケモンSV】,https://www.youtube.com/watch?v=,,,ゲーム
,,https://www.youtube.com/watch?v=,,,ゲーム
,,https://www.youtube.com/watch?v=,,,ゲーム
,,https://www.youtube.com/watch?v=,,,ゲーム
,,https://www.youtube.com/watch?v=,,,ゲーム
,,https://www.youtube.com/watch?v=,,,ゲーム
,,https://www.youtube.com/watch?v=,,,ゲーム
,,https://www.youtube.com/watch?v=,,,ゲーム
,,https://www.youtube.com/watch?v=,,,ゲーム
,,https://www.youtube.com/watch?v=,,,
,,https://www.youtube.com/watch?v=,,,
,,https://www.youtube.com/watch?v=,,,
,,https://www.youtube.com/watch?v=,,,
,,https://www.youtube.com/watch?v=,,,
,,https://www.youtube.com/watch?v=,,,
,,https://www.youtube.com/watch?v=,,,
,,https://www.youtube.com/watch?v=,,,
,,https://www.youtube.com/watch?v=,,,
,,https://www.youtube.com/watch?v=,,,
,,https://www.youtube.com/watch?v=,,,
,,https://www.youtube.com/watch?v=,,,
,,https://www.youtube.com/watch?v=,,,
,,https://www.youtube.com/watch?v=,,,
,,https://www.youtube.com/watch?v=,,,
,,https://www.youtube.com/watch?v=,,,
,,https://www.youtube.com/watch?v=,,,
,,https://www.youtube.com/watch?v=,,,
,,https://www.youtube.com/watch?v=,,,
,,https://www.youtube.com/watch?v=,,,
,,https://www.youtube.com/watch?v=,,,
,,https://www.youtube.com/watch?v=,,,
,,https://www.youtube.com/watch?v=,,,
,,https://www.youtube.com/watch?v=,,,